{
  "version": "2.2.4",
  "initPopup": false,
  "exportMode": false,
  "generatedBy": "\u003cdefault\u003e",
  "activeConfigs": [
    "autogg.toml",
    "ArmorStatusHUD.cfg",
    "thanosmod.cfg",
    "bspkrsCore.cfg",
    "CustomMainMenu",
    ".DS_Store",
    "itlt",
    "simple-capes.cfg",
    "craftpresence.properties",
    "pregenerator",
    "FpsReducer",
    "autosprintmod.cfg",
    "bbm",
    "hytilities.toml",
    "blur.cfg",
    "wingsmod.cfg",
    "forgeChunkLoading.cfg",
    "torohealthmod.cfg",
    "keystrokes.json",
    "pmr.cfg",
    "splash.properties",
    "animations.cfg",
    "foamfix.cfg",
    "UniqueNames.txt",
    "patcher.toml",
    "StatusEffectHUD.cfg",
    "replaymod.cfg",
    "customwindowtitle-client.toml",
    "advancedcapes",
    "forge.cfg",
    "itemphysic.cfg",
    "level_head.cfg",
    "rebind",
    "patcher_sounds.toml",
    "Neat.cfg",
    "itlt.cfg",
    "motionblur.cfg",
    "lobbysounds.toml"
  ],
  "hashes": {},
  "mainProfile": "Default",
  "initially_created": "09.06.2021 11:08:27"
}